name,constellation,bayern_designation,designation,approval_date,galaxy_name
Acamar,Eridanus,θ1 Eridani A,HR 897,20/07/2016,
Achernar,Eridanus,α Eridani A,HR 472,30/06/2016,
Achird,Cassiopeia,η Cassiopeiae A,HR 219,05/09/2017,
Acrab,Scorpius,β1 Scorpii Aa,HR 5984,21/08/2016,
Acrux,Crux,α Crucis Aa,HR 4730,20/07/2016,
Acubens,Cancer,α Cancri Aa,HR 3572,20/07/2016,
Adhafera,Leo,ζ Leonis Aa,HR 4031,20/07/2016,
Adhara,Canis Major,ε Canis Majoris A,HR 2618,21/08/2016,
Adhil,Andromeda,ξ Andromedae,HR 390,21/08/2016,Andromeda
Ain,Taurus,ε Tauri Aa1,HR 1409,15/12/2015,
Ainalrami,Sagittarius,ν1 Sagittarii A,HR 7116,05/09/2017,
Aladfar,Lyra,η Lyrae Aa,HR 7298,05/09/2017,
Albaldah,Sagittarius,π Sagittarii A,HR 7264,05/09/2017,
Albali,Aquarius,ε Aquarii,HR 7950,12/09/2016,
Albireo,Cygnus,β1 Cygni Aa,HR 7417,20/07/2016,Fireworks Galaxy
Alchiba,Corvus,α Corvi,HR 4623,12/09/2016,Antennae Galaxy
Alcor,Ursa Major,80 Ursae Majoris Ca,HR 5062,30/06/2016,Bode’s Galaxy
Alcyone,Taurus,η Tauri A,HR 1165,30/06/2016,
Aldebaran,Taurus,α Tauri,HR 1457,30/06/2016,
Alderamin,Cepheus,α Cephei,HR 8162,20/07/2016,
Aldhanab,Grus,γ Gruis,HR 8353,05/09/2017,
Aldhibah,Draco,ζ Draconis A,HR 6396,05/09/2017,Tadpole Galaxy
Aldulfin,Delphinus,ε Delphini,HR 7852,05/09/2017,
Alfirk,Cepheus,β Cephei Aa,HR 8238,21/08/2016,
Algedi,Capricornus,α2 Capricorni,HR 7754,21/08/2016,
Algenib,Pegasus,γ Pegasi,HR 39,30/06/2016,Little Sombrero Galaxy
Algieba,Leo,γ1 Leonis,HR 4057,20/07/2016,
Algol,Perseus,β Persei Aa1,HR 936,30/06/2016,
Algorab,Corvus,δ Corvi A,HR 4757,20/07/2016,Antennae Galaxy
Alhena,Gemini,γ Geminorum Aa,HR 2421,20/07/2016,
Alioth,Ursa Major,ε Ursae Majoris A,HR 4905,30/06/2016,Bode’s Galaxy
Aljanah,Cygnus,ε Cygni Aa,HR 7949,30/06/2017,Fireworks Galaxy
Alkaid,Ursa Major,η Ursae Majoris,HR 5191,30/06/2016,Bode’s Galaxy
Alkalurops,Boötes,μ1 Boötis Aa,HR 5733,21/08/2016,
Alkaphrah,Ursa Major,κ Ursae Majoris A,HR 3594,05/09/2017,Bode’s Galaxy
Alkarab,Pegasus,υ Pegasi,HR 8905,05/09/2017,Little Sombrero Galaxy
Alkes,Crater,α Crateris,HR 4287,12/09/2016,
Almaaz,Auriga,ε Aurigae,HR 1605,01/02/2017,
Almach,Andromeda,γ Andromedae A,HR 603,20/07/2016,Andromeda
Alnair,Grus,α Gruis,HR 8425,20/07/2016,
Alnasl,Sagittarius,γ2 Sagittarii,HR 6746,21/08/2016,
Alnilam,Orion,ε Orionis,HR 1903,20/07/2016,
Alnitak,Orion,ζ Orionis Aa,HR 1948,20/07/2016,
Alniyat,Scorpius,σ Scorpii Aa1,HR 6084,01/02/2017,
Alphard,Hydra,α Hydrae,HR 3748,20/07/2016,Southern Pinwheel Galaxy
Alphecca,Corona Borealis,α Coronae Borealis,HR 5793,20/07/2016,
Alpheratz,Andromeda,α Andromedae Aa,HR 15,30/06/2016,Andromeda
Alpherg,Pisces,η Piscium A,HR 437,01/06/2018,
Alrakis,Draco,μ Draconis A,HR 6370,01/02/2017,Tadpole Galaxy
Alrescha,Pisces,α Piscium A,HR 596,21/08/2016,
Alruba,Draco,HD 161693,HR 6618,01/06/2018,Tadpole Galaxy
Alsafi,Draco,σ Draconis,HR 7462,30/06/2017,Tadpole Galaxy
Alsciaukat,Lynx,31 Lyncis,HR 3275,30/06/2017,
Alsephina,Vela,δ Velorum Aa,HR 3485,05/09/2017,
Alshain,Aquila,β Aquilae A,HR 7602,21/08/2016,
Alshat,Capricornus,ν Capricorni A,HR 7773,30/06/2017,
Altair,Aquila,α Aquilae,HR 7557,30/06/2016,
Altais,Draco,δ Draconis,HR 7310,21/08/2016,Tadpole Galaxy
Alterf,Leo,λ Leonis,HR 3773,01/02/2017,
Aludra,Canis Major,η Canis Majoris,HR 2827,20/07/2016,
Alula Australis,Ursa Major,ξ Ursae Majoris Aa,HR 4375,20/07/2016,Bode’s Galaxy
Alula Borealis,Ursa Major,ν Ursae Majoris,HR 4377,20/07/2016,Bode’s Galaxy
Alya,Serpens,θ1 Serpentis A,HR 7141,21/08/2016,Hoag’s Galaxy
Alzirr,Gemini,ξ Geminorum,HR 2484,30/06/2017,
Ancha,Aquarius,θ Aquarii,HR 8499,12/09/2016,
Angetenar,Eridanus,τ2 Eridani,HR 850,30/06/2017,
Ankaa,Phoenix,α Phoenicis,HR 99,20/07/2016,
Anser,Vulpecula,α Vulpeculae,HR 7405,30/06/2017,
Antares,Scorpius,α Scorpii A,HR 6134,30/06/2016,
Arcturus,Boötes,α Boötis,HR 5340,30/06/2016,
Arkab Posterior,Sagittarius,β2 Sagittarii,HR 7343,05/10/2016,
Arkab Prior,Sagittarius,β1 Sagittarii,HR 7337,05/10/2016,
Arneb,Lepus,α Leporis A,HR 1865,20/07/2016,
Ascella,Sagittarius,ζ Sagittarii A,HR 7194,12/09/2016,
Asellus Australis,Cancer,δ Cancri Aa,HR 3461,06/11/2016,
Asellus Borealis,Cancer,γ Cancri Aa,HR 3449,06/11/2016,
Ashlesha,Hydra,ε Hydrae A,HR 3482,01/06/2018,Southern Pinwheel Galaxy
Aspidiske,Carina,ι Carinae,HR 3699,20/07/2016,
Asterope,nan,nan,HR 1151,21/08/2016,
Athebyne,Draco,η Draconis A,HR 6132,05/09/2017,Tadpole Galaxy
Atik,Perseus,ο Persei A,HR 1131,12/09/2016,
Atlas,Taurus,27 Tauri Aa1,HR 1178,21/08/2016,
Atria,Triangulum Australe,α Trianguli Australis,HR 6217,20/07/2016,
Avior,Carina,ε Carinae A,HR 3307,20/07/2016,
Azelfafage,Cygnus,π1 Cygni,HR 8301,12/09/2016,Fireworks Galaxy
Azha,Eridanus,η Eridani,HR 874,12/09/2016,
Azmidi,Puppis,ξ Puppis,HR 3045,01/06/2018,
Barnard’s Star,Ophiuchus,V2500 Ophiuchi,GJ 699,01/02/2017,
Baten Kaitos,Cetus,ζ Ceti Aa,HR 539,12/09/2016,Wolf-Lundmark-Melotte
Beemim,Eridanus,υ3 Eridani,HR 1393,30/06/2017,
Beid,Eridanus,ο1 Eridani,HR 1298,12/09/2016,
Bellatrix,Orion,γ Orionis,HR 1790,30/06/2016,
Betelgeuse,Orion,α Orionis Aa,HR 2061,30/06/2016,
Bharani,Aries,41 Arietis Aa,HR 838,30/06/2017,
Biham,Pegasus,θ Pegasi,HR 8450,21/08/2016,Little Sombrero Galaxy
Botein,Aries,δ Arietis,HR 951,12/09/2016,
Brachium,Libra,σ Librae A,HR 5603,05/09/2017,
Bunda,Aquarius,ξ Aquarii A,HR 8264,01/06/2018,
Canopus,Carina,α Carinae A,HR 2326,30/06/2016,
Capella,Auriga,α Aurigae Aa,HR 1708,30/06/2016,
Caph,Cassiopeia,β Cassiopeiae A,HR 21,30/06/2016,
Castor,Gemini,α Geminorum Aa,HR 2891,30/06/2016,
Castula,Cassiopeia,υ2 Cassiopeiae,HR 265,05/09/2017,
Cebalrai,Ophiuchus,β Ophiuchi,HR 6603,21/08/2016,
Celaeno,Taurus,16 Tauri,HR 1140,21/08/2016,
Cervantes,Ara,μ Arae,HR 6585,15/12/2015,
Chalawan,Ursa Major,47 Ursae Majoris,HR 4277,15/12/2015,Bode’s Galaxy
Chamukuy,Taurus,θ2 Tauri Aa,HR 1412,05/09/2017,
Chara,Canes Venatici,β Canum Venaticorum Aa,HR 4785,20/07/2016,Eye of Sauron
Chertan,Leo,θ Leonis,HR 4359,20/07/2016,
Copernicus,Cancer,55 Cancri A,HR 3522,15/12/2015,
Cor Caroli,Canes Venatici,α2 Canum Venaticorum Aa,HR 4915,20/07/2016,Eye of Sauron
Cujam,Hercules,ω Herculis A,HR 6117,01/02/2017,
Cursa,Eridanus,β Eridani,HR 1666,20/07/2016,
Dabih,Capricornus,β1 Capricorni Aa,HR 7776,21/08/2016,
Dalim,Fornax,α Fornacis A,HR 963,05/09/2017,
Deneb,Cygnus,α Cygni,HR 7924,30/06/2016,Fireworks Galaxy
Deneb Algedi,Capricornus,δ Capricorni Aa,HR 8322,01/02/2017,
Denebola,Leo,β Leonis,HR 4534,30/06/2016,
Diadem,Coma Berenices,α Comae Berenices A,HR 4968,01/02/2017,Black Eye Galaxy
Diphda,Cetus,β Ceti,HR 188,21/08/2016,Wolf-Lundmark-Melotte
Dschubba,Scorpius,δ Scorpii A,HR 5953,21/08/2016,
Dubhe,Ursa Major,α Ursae Majoris A,HR 4301,30/06/2016,Bode’s Galaxy
Dziban,Draco,ψ1 Draconis A,HR 6636,05/09/2017,Tadpole Galaxy
Edasich,Draco,ι Draconis,HR 5744,15/12/2015,Tadpole Galaxy
Electra,Taurus,17 Tauri,HR 1142,21/08/2016,
Elgafar,Virgo,φ Virginis A,HR 5409,01/06/2018,Sombrero Galaxy
Elkurud,Columba,θ Columbae,HR 2177,01/06/2018,
Elnath,Taurus,β Tauri Aa,HR 1791,20/07/2016,
Eltanin,Draco,γ Draconis,HR 6705,21/08/2016,Tadpole Galaxy
Enif,Pegasus,ε Pegasi,HR 8308,20/07/2016,Little Sombrero Galaxy
Errai,Cepheus,γ Cephei Aa,HR 8974,15/12/2015,
Fafnir,Draco,42 Draconis A,HR 6945,15/12/2015,Tadpole Galaxy
Fang,Scorpius,π Scorpii Aa,HR 5944,30/06/2017,
Fawaris,Cygnus,δ Cygni A,HR 7528,01/06/2018,Fireworks Galaxy
Felis,Hydra,HD 85951,HR 3923,01/06/2018,Southern Pinwheel Galaxy
Fomalhaut,Piscis Austrinus,α Piscis Austrini A,HR 8728,15/12/2015,
Fulu,Cassiopeia,ζ Cassiopeiae,HR 153,30/06/2017,
Fumalsamakah,Pisces,β Piscium,HR 8773,01/06/2018,
Furud,Canis Major,ζ Canis Majoris Aa,HR 2282,20/07/2016,
Fuyue,Scorpius,G Scorpii,HR 6630,30/06/2017,
Gacrux,Crux,γ Crucis,HR 4763,20/07/2016,
Giausar,Draco,λ Draconis,HR 4434,01/02/2017,Tadpole Galaxy
Gienah,Corvus,γ Corvi A,HR 4662,06/11/2016,Antennae Galaxy
Ginan,Crux,ε Crucis,HR 4700,19/11/2017,
Gomeisa,Canis Minor,β Canis Minoris A,HR 2845,20/07/2016,
Grumium,Draco,ξ Draconis A,HR 6688,12/09/2016,Tadpole Galaxy
Gudja,Serpens,κ Serpentis,HR 5879,10/08/2018,Hoag’s Galaxy
Guniibuu,Ophiuchus,36 Ophiuchi A,HR 6402,10/08/2018,
Hadar,Centaurus,β Centauri Aa,HR 5267,21/08/2016,Backward Galaxy
Haedus,Auriga,η Aurigae,HR 1641,30/06/2017,
Hamal,Aries,α Arietis,HR 617,20/07/2016,
Hassaleh,Auriga,ι Aurigae,HR 1577,30/06/2017,
Hatysa,Orion,ι Orionis Aa,HR 1899,05/09/2017,
Helvetios,Pegasus,51 Pegasi,HR 8729,15/12/2015,Little Sombrero Galaxy
Heze,Virgo,ζ Virginis A,HR 5107,01/06/2018,Sombrero Galaxy
Homam,Pegasus,ζ Pegasi A,HR 8634,21/08/2016,Little Sombrero Galaxy
Iklil,Scorpius,ρ Scorpii Aa,HR 5928,05/09/2017,
Imai,Crux,δ Crucis,HR 4656,10/08/2018,
Intercrus,Ursa Major,41 Lyncis,HR 3743,15/12/2015,Bode’s Galaxy
Izar,Boötes,ε Boötis A,HR 5506,21/08/2016,
Jabbah,Scorpius,ν Scorpii Aa,HR 6027,30/06/2017,
Jishui,Gemini,ο Geminorum,HR 2930,30/06/2017,
Kaffaljidhma,Cetus,γ Ceti A,HR 804,01/02/2017,Wolf-Lundmark-Melotte
Kang,Virgo,κ Virginis,HR 5315,30/06/2017,Sombrero Galaxy
Kaus Australis,Sagittarius,ε Sagittarii A,HR 6879,20/07/2016,
Kaus Borealis,Sagittarius,λ Sagittarii,HR 6913,20/07/2016,
Kaus Media,Sagittarius,δ Sagittarii,HR 6859,20/07/2016,
Keid,Eridanus,ο2 Eridani A,HR 1325,12/09/2016,
Khambalia,Virgo,λ Virginis A,HR 5359,05/09/2017,Sombrero Galaxy
Kitalpha,Equuleus,α Equulei A,HR 8131,21/08/2016,
Kochab,Ursa Minor,β Ursae Minoris,HR 5563,20/07/2016,
Kornephoros,Hercules,β Herculis Aa,HR 6148,21/08/2016,
Kraz,Corvus,β Corvi,HR 4786,01/06/2018,Antennae Galaxy
Kurhah,Cepheus,ξ Cephei Aa,HR 8417,12/09/2016,
La Superba,Canes Venatici,Y Canum Venaticorum,HR 4846,10/08/2018,Eye of Sauron
Larawag,Scorpius,ε Scorpii,HR 6241,19/11/2017,
Lesath,Scorpius,υ Scorpii,HR 6508,21/08/2016,
Libertas,Aquila,ξ Aquilae A,HR 7595,15/12/2015,
Lich,Virgo,PSR B1257+12,PSR B1257+12,15/12/2015,Sombrero Galaxy
Lilii Borea,Aries,39 Arietis,HR 824,05/09/2017,
Maasym,Hercules,λ Herculis,HR 6526,12/09/2016,
Mahasim,Auriga,θ Aurigae A,HR 2095,30/06/2017,
Maia,Taurus,20 Tauri,HR 1149,20/07/2016,
Marfik,Ophiuchus,λ Ophiuchi A,HR 6149,12/09/2016,
Markab,Pegasus,α Pegasi,HR 8781,30/06/2016,Little Sombrero Galaxy
Markeb,Vela,κ Velorum,HR 3734,05/09/2017,
Marsic,Hercules,κ Herculis A,HR 6008,01/02/2017,
Matar,Pegasus,η Pegasi Aa,HR 8650,21/08/2016,Little Sombrero Galaxy
Mebsuta,Gemini,ε Geminorum,HR 2473,20/07/2016,
Megrez,Ursa Major,δ Ursae Majoris,HR 4660,30/06/2016,Bode’s Galaxy
Meissa,Orion,λ Orionis A,HR 1879,20/07/2016,
Mekbuda,Gemini,ζ Geminorum Aa,HR 2650,12/09/2016,
Meleph,Cancer,ε Cancri Aa,HR 3429,05/09/2017,
Menkalinan,Auriga,β Aurigae Aa,HR 2088,20/07/2016,
Menkar,Cetus,α Ceti,HR 911,30/06/2016,Wolf-Lundmark-Melotte
Menkent,Centaurus,θ Centauri,HR 5288,21/08/2016,Backward Galaxy
Menkib,Perseus,ξ Persei,HR 1228,12/09/2016,
Merak,Ursa Major,β Ursae Majoris,HR 4295,30/06/2016,Bode’s Galaxy
Merga,Boötes,38 Boötis,HR 5533,12/09/2016,
Meridiana,Corona Australis,α Coronae Australis,HR 7254,05/09/2017,
Merope,Taurus,23 Tauri Aa,HR 1156,20/07/2016,
Mesarthim,Aries,γ1 Arietis A,HR 546,21/08/2016,
Miaplacidus,Carina,β Carinae,HR 3685,20/07/2016,
Mimosa,Crux,β Crucis,HR 4853,20/07/2016,
Minchir,Hydra,σ Hydrae,HR 3418,05/09/2017,Southern Pinwheel Galaxy
Minelauva,Virgo,δ Virginis,HR 4910,30/06/2017,Sombrero Galaxy
Mintaka,Orion,δ Orionis Aa,HR 1852,20/07/2016,
Mira,Cetus,ο Ceti Aa,HR 681,30/06/2016,Wolf-Lundmark-Melotte
Mirach,Andromeda,β Andromedae,HR 337,30/06/2016,Andromeda
Miram,Perseus,η Persei A,HR 834,05/09/2017,
Mirfak,Perseus,α Persei,HR 1017,20/07/2016,
Mirzam,Canis Major,β Canis Majoris,HR 2294,20/07/2016,
Misam,Perseus,κ Persei Aa,HR 941,05/09/2017,
Mizar,Ursa Major,ζ Ursae Majoris Aa,HR 5054,30/06/2016,Bode’s Galaxy
Mothallah,Triangulum,α Trianguli,HR 544,21/08/2016,Triangulum Galaxy
Muliphein,Canis Major,γ Canis Majoris,HR 2657,21/08/2016,
Muphrid,Boötes,η Boötis Aa,HR 5235,12/09/2016,
Muscida,Ursa Major,ο Ursae Majoris A,HR 3323,20/07/2016,Bode’s Galaxy
Musica,Delphinus,18 Delphini,HR 8030,15/12/2015,
Nahn,Cancer,ξ Cancri A,HR 3627,01/06/2018,
Naos,Puppis,ζ Puppis,HR 3165,21/08/2016,
Nashira,Capricornus,γ Capricorni A,HR 8278,21/08/2016,
Nekkar,Boötes,β Boötis,HR 5602,21/08/2016,
Nembus,Andromeda,51 Andromedae,HR 464,05/09/2017,Andromeda
Nihal,Lepus,β Leporis A,HR 1829,20/07/2016,
Nunki,Sagittarius,σ Sagittarii Aa,HR 7121,21/08/2016,
Nusakan,Corona Borealis,β Coronae Borealis A,HR 5747,12/09/2016,
Ogma,Hercules,HD 149026,HD 149026,15/12/2015,
Okab,Aquila,ζ Aquilae A,HR 7235,01/06/2018,
Paikauhale,Scorpius,τ Scorpii A,HR 6165,10/08/2018,
Peacock,Pavo,α Pavonis Aa,HR 7790,20/07/2016,
Phact,Columba,α Columbae,HR 1956,20/07/2016,
Phecda,Ursa Major,γ Ursae Majoris Aa,HR 4554,20/07/2016,Bode’s Galaxy
Pherkad,Ursa Minor,γ Ursae Minoris,HR 5735,21/08/2016,
Piautos,Cancer,λ Cancri,HR 3268,01/06/2018,
Pipirima,Scorpius,μ2 Scorpii A,HR 6252,05/09/2017,
Pleione,Taurus,28 Tauri Aa,HR 1180,30/06/2016,
Polaris,Ursa Minor,α Ursae Minoris,HR 424,30/06/2016,
Polaris Australis,Octans,σ Octantis,HR 7228,05/09/2017,
Polis,Sagittarius,μ Sagittarii Aa,HR 6812,05/09/2017,
Pollux,Gemini,β Geminorum,HR 2990,15/12/2015,
Porrima,Virgo,γ Virginis A,HR 4825,20/07/2016,Sombrero Galaxy
Praecipua,Leo Minor,46 Leonis Minoris,HR 4247,30/06/2017,
Prima Hyadum,Taurus,γ Tauri A,HR 1346,05/09/2017,
Procyon,Canis Minor,α Canis Minoris A,HR 2943,30/06/2016,
Propus,Gemini,η Geminorum A,HR 2216,20/07/2016,
Proxima Centauri,Centaurus,α Centauri C,GJ 551,21/08/2016,Backward Galaxy
Ran,Eridanus,ε Eridani,HR 1084,15/12/2015,
Rasalas,Leo,μ Leonis,HR 3905,12/09/2016,
Rasalgethi,Hercules,α1 Herculis Aa,HR 6406,30/06/2016,
Rasalhague,Ophiuchus,α Ophiuchi A,HR 6556,20/07/2016,
Rastaban,Draco,β Draconis A,HR 6536,21/08/2016,Tadpole Galaxy
Regulus,Leo,α Leonis A,HR 3982,30/06/2016,
Revati,Pisces,ζ Piscium A,HR 361,30/06/2017,
Rigel,Orion,β Orionis A,HR 1713,30/06/2016,
Rigil Kentaurus,Centaurus,α Centauri A,HR 5459,06/11/2016,Backward Galaxy
Rotanev,Delphinus,β Delphini A,HR 7882,12/09/2016,
Ruchbah,Cassiopeia,δ Cassiopeiae Aa,HR 403,21/08/2016,
Rukbat,Sagittarius,α Sagittarii,HR 7348,20/07/2016,
Sabik,Ophiuchus,η Ophiuchi A,HR 6378,21/08/2016,
Saclateni,Auriga,ζ Aurigae A,HR 1612,30/06/2017,
Sadachbia,Aquarius,γ Aquarii Aa,HR 8518,21/08/2016,
Sadalbari,Pegasus,μ Pegasi,HR 8684,21/08/2016,Little Sombrero Galaxy
Sadalmelik,Aquarius,α Aquarii A,HR 8414,21/08/2016,
Sadalsuud,Aquarius,β Aquarii A,HR 8232,21/08/2016,
Sadr,Cygnus,γ Cygni A,HR 7796,21/08/2016,Fireworks Galaxy
Saiph,Orion,κ Orionis,HR 2004,20/07/2016,
Salm,Pegasus,τ Pegasi,HR 8880,05/09/2017,Little Sombrero Galaxy
Sargas,Scorpius,θ Scorpii A,HR 6553,21/08/2016,
Sarin,Hercules,δ Herculis Aa,HR 6410,12/09/2016,
Sceptrum,Eridanus,53 Eridani A,HR 1481,30/06/2017,
Scheat,Pegasus,β Pegasi,HR 8775,30/06/2016,Little Sombrero Galaxy
Schedar,Cassiopeia,α Cassiopeiae,HR 168,21/08/2016,
Secunda Hyadum,Taurus,δ Tauri Aa,HR 1373,05/09/2017,
Segin,Cassiopeia,ε Cassiopeiae,HR 0542,05/09/2017,
Seginus,Boötes,γ Boötis Aa,HR 5435,21/08/2016,
Sham,Sagitta,α Sagittae,HR 7479,12/09/2016,
Shaula,Scorpius,λ Scorpii Aa,HR 6527,20/07/2016,
Sheliak,Lyra,β Lyrae Aa1,HR 7106,21/08/2016,
Sheratan,Aries,β Arietis A,HR 553,20/07/2016,
Sirius,Canis Major,α Canis Majoris A,HR 2491,30/06/2016,
Situla,Aquarius,κ Aquarii A,HR 8610,12/09/2016,
Skat,Aquarius,δ Aquarii A,HR 8709,21/08/2016,
Spica,Virgo,α Virginis Aa,HR 5056,30/06/2016,Sombrero Galaxy
Sualocin,Delphinus,α Delphini Aa,HR 7906,12/09/2016,
Subra,Leo,ο Leonis Aa,HR 3852,12/09/2016,
Suhail,Vela,λ Velorum,HR 3634,21/08/2016,
Sulafat,Lyra,γ Lyrae,HR 7178,21/08/2016,
Syrma,Virgo,ι Virginis,HR 5338,12/09/2016,Sombrero Galaxy
Tabit,Orion,π3 Orionis,HR 1543,05/09/2017,
Taiyangshou,Ursa Major,χ Ursae Majoris,HR 4518,30/06/2017,Bode’s Galaxy
Taiyi,Draco,8 Draconis,HR 4916,30/06/2017,Tadpole Galaxy
Talitha,Ursa Major,ι Ursae Majoris Aa,HR 3569,20/07/2016,Bode’s Galaxy
Tania Australis,Ursa Major,μ Ursae Majoris A,HR 4069,20/07/2016,Bode’s Galaxy
Tania Borealis,Ursa Major,λ Ursae Majoris A,HR 4033,20/07/2016,Bode’s Galaxy
Tarazed,Aquila,γ Aquilae,HR 7525,21/08/2016,
Tarf,Cancer,β Cancri A,HR 3249,01/06/2018,
Taygeta,Taurus,19 Tauri Aa,HR 1145,21/08/2016,
Tegmine,Cancer,ζ1 Cancri A,HR 3208,12/09/2016,
Tejat,Gemini,μ Geminorum Aa,HR 2286,01/02/2017,
Terebellum,Sagittarius,ω Sagittarii A,HR 7597,05/09/2017,
Theemin,Eridanus,υ2 Eridani,HR 1464,01/02/2017,
Thuban,Draco,α Draconis A,HR 5291,30/06/2016,Tadpole Galaxy
Tiaki,Grus,β Gruis,HR 8636,05/09/2017,
Tianguan,Taurus,ζ Tauri A,HR 1910,30/06/2017,
Tianyi,Draco,7 Draconis,HR 4863,30/06/2017,Tadpole Galaxy
Titawin,Andromeda,υ Andromedae A,HR 458,15/12/2015,Andromeda
Toliman,Centaurus,α Centauri B,HR 5460,10/08/2018,Backward Galaxy
Tonatiuh,Camelopardalis,HD 104985,HR 4609,15/12/2015,
Torcular,Pisces,ο Piscium A,HR 510,05/09/2017,
Tureis,Puppis,ρ Puppis A,HR 3185,12/09/2016,
Ukdah,Hydra,ι Hydrae,HR 3845,01/06/2018,Southern Pinwheel Galaxy
Unukalhai,Serpens,α Serpentis,HR 5854,21/08/2016,Hoag’s Galaxy
Unurgunite,Canis Major,σ Canis Majoris,HR 2646,05/09/2017,
Vega,Lyra,α Lyrae,HR 7001,30/06/2016,
Veritate,Andromeda,14 Andromedae A,HR 8930,15/12/2015,Andromeda
Vindemiatrix,Virgo,ε Virginis,HR 4932,20/07/2016,Sombrero Galaxy
Wasat,Gemini,δ Geminorum Aa,HR 2777,21/08/2016,
Wazn,Columba,β Columbae,HR 2040,20/07/2016,
Wezen,Canis Major,δ Canis Majoris Aa,HR 2693,20/07/2016,
Wurren,Phoenix,ζ Phoenicis Aa,HR 338,19/11/2017,
Xamidimura,Scorpius,μ1 Scorpii Aa,HR 6247,05/09/2017,
Xuange,Boötes,λ Boötis,HR 5351,30/06/2017,
Yed Posterior,Ophiuchus,ε Ophiuchi,HR 6075,05/10/2016,
Yed Prior,Ophiuchus,δ Ophiuchi,HR 6056,05/10/2016,
Yildun,Ursa Minor,δ Ursae Minoris,HR 6789,21/08/2016,
Zaniah,Virgo,η Virginis Aa,HR 4689,12/09/2016,Sombrero Galaxy
Zaurak,Eridanus,γ Eridani,HR 1231,20/07/2016,
Zavijava,Virgo,β Virginis,HR 4540,21/08/2016,Sombrero Galaxy
Zhang,Hydra,υ1 Hydrae A,HR 3903,30/06/2017,Southern Pinwheel Galaxy
Zibal,Eridanus,ζ Eridani Aa,HR 984,12/09/2016,
Zosma,Leo,δ Leonis,HR 4357,20/07/2016,
Zubenelgenubi,Libra,α2 Librae Aa,HR 5531,21/08/2016,
Zubenelhakrabi,Libra,γ Librae A,HR 5787,05/09/2017,
Zubeneschamali,Libra,β Librae,HR 5685,21/08/2016,
